-- MySQL dump 10.13  Distrib 8.0.21, for Win64 (x86_64)
--
-- Host: k4a206.p.ssafy.io    Database: dayugi
-- ------------------------------------------------------
-- Server version	8.0.24

/*!40101 SET @OLD_CHARACTER_SET_CLIENT=@@CHARACTER_SET_CLIENT */;
/*!40101 SET @OLD_CHARACTER_SET_RESULTS=@@CHARACTER_SET_RESULTS */;
/*!40101 SET @OLD_COLLATION_CONNECTION=@@COLLATION_CONNECTION */;
/*!50503 SET NAMES utf8 */;
/*!40103 SET @OLD_TIME_ZONE=@@TIME_ZONE */;
/*!40103 SET TIME_ZONE='+00:00' */;
/*!40014 SET @OLD_UNIQUE_CHECKS=@@UNIQUE_CHECKS, UNIQUE_CHECKS=0 */;
/*!40014 SET @OLD_FOREIGN_KEY_CHECKS=@@FOREIGN_KEY_CHECKS, FOREIGN_KEY_CHECKS=0 */;
/*!40101 SET @OLD_SQL_MODE=@@SQL_MODE, SQL_MODE='NO_AUTO_VALUE_ON_ZERO' */;
/*!40111 SET @OLD_SQL_NOTES=@@SQL_NOTES, SQL_NOTES=0 */;

--
-- Table structure for table `diary`
--

DROP TABLE IF EXISTS `diary`;
/*!40101 SET @saved_cs_client     = @@character_set_client */;
/*!50503 SET character_set_client = utf8mb4 */;
CREATE TABLE `diary` (
  `did` int NOT NULL AUTO_INCREMENT COMMENT '일기아이디',
  `uid` int NOT NULL COMMENT '유저아이디',
  `diary_content` longtext NOT NULL COMMENT '일기내용',
  `review_content` text COMMENT '한줄평내용',
  `diary_date` date NOT NULL COMMENT '일기날짜',
  PRIMARY KEY (`did`),
  KEY `FK_diary_uid_user_uid` (`uid`),
  CONSTRAINT `FK_diary_uid_user_uid` FOREIGN KEY (`uid`) REFERENCES `user` (`uid`) ON DELETE RESTRICT ON UPDATE RESTRICT
) ENGINE=InnoDB AUTO_INCREMENT=290 DEFAULT CHARSET=utf8mb3 COMMENT='일기장';
/*!40101 SET character_set_client = @saved_cs_client */;

--
-- Dumping data for table `diary`
--

LOCK TABLES `diary` WRITE;
/*!40000 ALTER TABLE `diary` DISABLE KEYS */;
INSERT INTO `diary` VALUES (1,3,'ㅎㅎ','그러셨군요.','2021-05-03'),(2,3,'안녕','그럴 수 있다고 생각해요.','2021-05-03'),(102,20,'4월8일의일기','리뷰','2021-04-08'),(113,20,'안녕하세요 배고프네요',NULL,'2021-05-11'),(114,20,'배고픈데 어쩌겠어 입니다 알아요 얼어요 먹어요 히히',NULL,'2021-05-06'),(115,20,'오늘은 축구를 했다',NULL,'2021-05-10'),(122,20,'사진을찍어봤어요',NULL,'2021-05-14'),(123,20,'ㅁㅁㅁㅁ',NULL,'2021-05-13'),(124,20,'가나나나',NULL,'2021-05-12'),(125,20,'ㄱㅌ커어',NULL,'2021-05-07'),(126,20,'으겍',NULL,'2021-05-08'),(127,20,'shsh',NULL,'2021-05-09'),(128,20,'dd','실수는 누구나 할 수 있어요.','2021-05-05'),(129,20,'제발',NULL,'2021-05-04'),(131,20,'ㅁㅁㅁㅁ',NULL,'2021-04-09'),(132,20,'ㄲ',NULL,'2021-05-03'),(133,20,'아아',NULL,'2021-05-02'),(172,20,'날씨가 궁금해',NULL,'2021-05-15'),(208,46,'오늘 날씨가 좋아서 기분이 좋다','오늘은 목요일이에요.','2021-05-16'),(209,46,'오늘 태훈이랑 머리채 잡고 싸웠다. 내가 이겼다','머리랑 가슴이 가끔 따로 놀죠.','2021-05-17'),(221,20,'저 더 이상 여기 못있겠어요 탈퇴합니',' 탈퇴는 혼자 하는 게 좋죠.','2021-05-18'),(224,20,'나는 오늘 비를 맞아서 가슴이 아팠다.','저는 항상 흐트러지지 않아요.','2021-05-21'),(226,20,'오늘은 밥을 먹었다. 맛있는 걸 먹었다. 배고프다.','맛나게 드세요.','2021-05-19'),(229,20,'우리집 천장은 너무 완벽해. 우리 집도 완벽해. 게살버거 먹고싶어.','완벽한 집은 없어요.','2021-05-22'),(233,46,'비오는줄 모르고 우산도 안 들고 나가고, 지나가는 버스에 물을 다 맞았다. 가보려던 식당은 재료소진으로 조기마감했고 돌아오는 길에 새똥을 맞았다. 정말 우울한 하루였다.','정말 괴로운 일이죠.','2021-03-21'),(234,46,'행복해 죽겠다','행복해 질 거예요.','2021-03-22'),(236,20,'오늘은 비가 오다 말아서 기분이 매우 좋다.','비가 오면 좋겠네요.','2021-05-20'),(237,20,'이날은 비가 올까','내일도우산 꺼내 보세요.','2021-05-23'),(241,20,'4월 15일은 나에게 있어서 의미있는 하루였다. 어떤 의미인지는 잘 모르겠다. 그대의 이야기를 기억하겠다.','그날도 또 바뀔 거예요.','2021-04-15'),(242,46,'나.. 돌이킬 수 없는 실수를 저질렀어...','그 일로 인연을 이어나가는 건 어려운 일 같아요.','2020-05-21'),(244,46,'다육아 나...\n돌이킬 수 없는 일을 저질렀어...\n나 너무 무서워 어떡하지?','실수는 누구나 할 수 있어요.','2021-05-18'),(245,46,'홍진표 팀장이 우리를 배웅 안해주고 먼저 집에 갔다..\n 가만안둬.......','그렇군요.','2021-05-19'),(246,46,'오늘 저녁은 맛있는 로제 떡볶이를 먹었다. 참 맛있었다. 다음에 또 먹고싶다.','맛나게 드세요.','2021-05-20'),(253,46,'파이썬 서버 부활!','기분이 묘하네요.','2021-05-15'),(255,44,'오늘은 비가 오네.. 비가 오니까 파전에 막걸리가 먹고싶다..','우산 챙기세요.','2021-05-01'),(257,44,'오늘은 내 생일이라 어머니께서 아침부터 미역국을 끓여주셨다. 사실 난 미역국을 좋아하지 않지만 감사하는 마음으로 먹었다. 생일에 미역국이 아니라 마라탕을 먹는다면 얼마나 좋을까?','맛나게 드세요.','2021-05-02'),(258,44,'주말이라 그동안 계속 보고 싶었던 영화를 보았다. 취향 저격 영화라 보는내내 정말 행복했다.\n이 영화를 보고 금성무에게 빠져 다른 작품도 보려고 한다. 프로젝트가 끝나면 어서 봐야지~','영화 추천해주세요.','2021-05-03'),(259,44,'오늘은 월요일,,,, 월요병이 온다,,, 어제 밤을 샜더니 아침부터 피곤하고 힘들다,,, 빨리 주말이 오면 좋겠어,,,','피곤하면 정말 아무 것도 하기 어렵죠.','2021-05-04'),(260,44,'팀원들 함께 놀이공원을 갔다. 츄로스와 구슬아이스크림도 먹고 버터오징어도 먹었다. 사실 놀이공원은 먹으러 가는 곳이야ㅎㅎㅎ\n오랜만에 친구들을 만나서 신나게 놀았더니 기분이 정말 좋다ㅎㅎ\n주말은 항상 즐거운 일이 가득하다','같이 놀러 가보세요.','2021-05-09'),(261,44,'마라탕을 먹었다!!! 마라탕에 차돌박이를 넣어주는 가게는 처음이라 정말 맛있었다!! 기분이 정말 좋다 신이 난다 ','맛있게 드세요.','2021-05-10'),(262,44,'공포영화 미드소마를 봤는데 정말 기괴하고 무서웠다.','악몽 꾸셨나요.','2021-05-06'),(263,44,'약속 나가는 길에 이어폰을 잃어버리고, 버스를 반대로 타서 약속 시간을 1시간 늦었다. 가려던 가게는 휴업이라 아무 식당이나 들어갔더니 정말 맛없었다. 하루종일 몹시 화가 났던 하루였다.','잠깐 지친 걸 수도 있어요.','2021-05-14'),(265,44,'바퀴벌레를 죽이고 나서 살생을 했다는 죄책감에 견딜 수 없었다. \n다육이 덕분에 조금 안정을 되찾을 수 있었다.\n마음을 털어놓을 곳이 있어 다행이야....\n','연대책임이라고 하죠? 저에게도 나쁜 마음을 나눠주세요! 그러면 조금 가벼워질 거예요.','2021-05-19'),(266,46,'오늘은 1박2일하는 날이다! 요즘 1박2일 완전 재밌어!\n일요일이 기다려질 정도다...\n맨날 했으면 좋겠다','저도 1박2일 같이 놀러가요! 저도 놀러가고 싶네요.','2021-05-03'),(267,46,'오늘 소영이랑 망원동 커피가게 동경에 가서 아인슈페너를 마셨다. 너무 맛있어서 2잔이나 시켜먹는 flex를 했다. 다음에는 모카도 시켜먹어야지','네, 그랬군요.','2021-05-02'),(268,46,'드디어 주말이 오네...이번주 너무 바빠서 힘들었다... 힘든일은 몰려있는 것 같다...\n주말에 맛있는거 먹으면서 힐링이 필요해','주말이 기다려지네요.','2021-05-01'),(269,46,'월요일은 일이 항상 바쁘다... 팀장님이 일을 많이 주신다...너무 힘들다... 얼른 주말이 왔으면...','일찍 일어나는 새가 봄이 오면 더 힘들죠.','2021-05-04'),(270,46,'동생이 아팠다ㅠㅠ 동생이 이유없이 토를 했다...엄마에게 얘기했더니 걱정하신다ㅠ','서로 상처만 남기는 관계는 끊는 게 답일 수도 있죠.','2021-05-05'),(271,46,'오늘 팀장님이 나한테 뭐라해서 기분이 너무 나빴다... 기분을 풀려고 맛있는 붓가케 우동을 사먹었다... ','잘했네요.','2021-05-06'),(272,46,'가나다라마바사',NULL,'2021-05-14'),(273,46,'오 이제 안밀리고 잘됩니다','잘 이겨내길 바랄게요.','2021-05-07'),(274,44,'오늘은 1박2일하는 날이다! 요즘 1박2일 완전 재밌어!\n일요일이 기다려질 정도다...\n맨날 했으면 좋겠다','저도 1박2일 같이 가요.','2021-05-17'),(275,44,'오늘 소영이랑 망원동 커피가게 동경에 가서 아인슈페너를 마셨다. 너무 맛있어서 2잔이나 시켜먹는 flex를 했다. 다음에는 모카도 시켜먹어야지','좋은 경험이 되었을 거예요.','2021-05-16'),(276,44,'동생이 아팠다ㅠㅠ 동생이 이유없이 토를 했다...엄마에게 얘기했더니 걱정하신다ㅠ','그런 일이 있으셨군요.','2021-05-05'),(277,44,'오늘 팀장님이 나한테 뭐라해서 기분이 너무 나빴다... 기분을 풀려고 맛있는 붓가케 우동을 사먹었다... ','다음에는 그렇게 될 거예요.','2021-05-07'),(278,44,'드디어 주말이 오네...이번주 너무 바빠서 힘들었다... 힘든일은 몰려있는 것 같다...\n주말에 맛있는거 먹으면서 힐링이 필요해','주말이 참 짧죠.','2021-05-08'),(279,44,'월요일은 일이 항상 바쁘다... 팀장님이 일을 많이 주신다...너무 힘들다... 얼른 주말이 왔으면...','일찍 일어나는 새가 벌레를 더 많이 먹죠.','2021-05-11'),(280,44,'오늘 팀프로젝트를 하러 가려고 지하철을 타려고 했는데 30분 마다 오는 지하철을 놓쳤다... 너무 화가났지만 막상 나말고도 다 지각을 했다. 우리 팀은 환상의 팀워크를 가지고 있다!!','그럴 때가 있어요.','2021-05-18'),(281,44,'오늘 친구와 함께 경복궁을 산책했다. 한복입은 사람들이 많았다. 한복입은 사람들을 보니 전주에 여행가고 싶어졌다.. 얼른 코로나가 끝나서 마음껏 여행다닐 수 있으면 좋겠다... 요즘 여행을 못가서 우울하다...ㅠㅠ','한복입어도 귀여워요.','2021-05-12'),(282,44,'오늘 너무 배가 아팠다... 토하고 설사하고 배아프고 난리였다 ㅠㅠ\n병원에 갔더니 장염이라고 했다...ㅠㅠ 몸관리 잘해야겠다... 건강이 제일 중요하다. 스트레스 관리도 해야겠다','많이 힘드셨겠어요.','2021-05-13'),(283,44,'주말을 앞두고 야근이라니 너무 화난다. 꿀같은 주말을 앞두고 야근은 반칙이다ㅡㅡ 이런 날은 뼈해장국에 소주를 마셔야 된다. 덕분에 좀 기분이 풀린다.\n','다음 주 월요일부터 하세요.','2021-05-15'),(285,44,'내일은 프로젝트 마감일!\n팀원들과 함께 밤낮으로 고생한 덕분에 좋은 결과가 나왔다.\n다들 수고 많았어!!','성공적으로 마치길 바랍니다.','2021-05-20'),(286,44,'나는 오늘 플레이어라는 웹툰을 22화 까지 봤다.\n더 보고싶은 마음이 든다.\n완전 중독돼버렸다.','누군가 나를 지켜보고 있다 생각하면 너무 힘들겠어요.','2021-05-21'),(287,46,'마지막 테스트!!!\nㅋㅋㅋㅋㅋㅋㅋ','완벽한 사람은 없다고 생각해요.','2021-05-08'),(288,46,'끝났나? 끝났다!\n너무 짧았나? 다시 시도합니다.','짧지 않은 시간.','2021-05-09'),(289,46,'마지막 테스트!','열심히 준비했네요.','2021-05-13');
/*!40000 ALTER TABLE `diary` ENABLE KEYS */;
UNLOCK TABLES;

--
-- Table structure for table `diary_file`
--

DROP TABLE IF EXISTS `diary_file`;
/*!40101 SET @saved_cs_client     = @@character_set_client */;
/*!50503 SET character_set_client = utf8mb4 */;
CREATE TABLE `diary_file` (
  `fid` int NOT NULL AUTO_INCREMENT COMMENT '파일아이디',
  `did` int NOT NULL COMMENT '일기아이디',
  `uid` int NOT NULL,
  `file_name` varchar(500) DEFAULT NULL,
  `file_origname` varchar(500) DEFAULT NULL,
  `file_path` varchar(500) DEFAULT NULL,
  PRIMARY KEY (`fid`),
  KEY `FK_diary_file_did_diary_did` (`did`),
  KEY `FK_diary_file_uid_user_uid` (`uid`),
  CONSTRAINT `FK_diary_file_did_diary_did` FOREIGN KEY (`did`) REFERENCES `diary` (`did`) ON DELETE RESTRICT ON UPDATE RESTRICT,
  CONSTRAINT `FK_diary_file_uid_user_uid` FOREIGN KEY (`uid`) REFERENCES `user` (`uid`) ON DELETE RESTRICT ON UPDATE RESTRICT
) ENGINE=InnoDB AUTO_INCREMENT=87 DEFAULT CHARSET=utf8mb3;
/*!40101 SET character_set_client = @saved_cs_client */;

--
-- Dumping data for table `diary_file`
--

LOCK TABLES `diary_file` WRITE;
/*!40000 ALTER TABLE `diary_file` DISABLE KEYS */;
INSERT INTO `diary_file` VALUES (53,221,20,'22e3f7748d19a32e88a08ff37db548ae','탈퇴.png','/home/image/22e3f7748d19a32e88a08ff37db548ae.jpg'),(63,229,20,'5f242300cf4b591022c6c7b05668f060','7f1da4a0-1e1e-4f1e-9b8c-b2fd7f1767fb.jpg','/home/image/5f242300cf4b591022c6c7b05668f060.jpg'),(66,236,20,'6b4d7a992eee2e47b649abcbb7b61d20','29c35c80-47e1-4651-b8d2-456256fb238c.png','/home/image/6b4d7a992eee2e47b649abcbb7b61d20.jpg'),(71,241,20,'55ba265e4bfa74401eab764a414c373f','27d8cbaa-0d3a-4c10-bbfe-13592b0fd5c6.png','/home/image/55ba265e4bfa74401eab764a414c373f.jpg'),(77,263,44,'f11a62018e0199665535708278b210f2','60925f1433e096d441c65ceb6ee15009.jpg','/home/image/f11a62018e0199665535708278b210f2.jpg'),(78,260,44,'53c1b0eeb483ff22f1cd80b0b4ab63e0','e3d788fa-f18e-4848-b409-1ced6348f739.jpg','/home/image/53c1b0eeb483ff22f1cd80b0b4ab63e0.jpg'),(79,257,44,'84357dcfd63f8139e5d448bef01539c9','595c1448-3518-4c98-be35-729b085e74ef.jpg','/home/image/84357dcfd63f8139e5d448bef01539c9.jpg'),(80,258,44,'86302f8fb209432e04399b42c7cd983d','58c13d1e-d358-4e77-ac92-2ca637493312.jpg','/home/image/86302f8fb209432e04399b42c7cd983d.jpg'),(82,265,44,'77c14823b4b31611394dc9b04ba36d1f','852e88a2cfb1c1583d49506abdf3dd3a.jpg','/home/image/77c14823b4b31611394dc9b04ba36d1f.jpg'),(83,271,46,'2087b157487d3751c44d7e6fd7ae5724','0fc1d47e-a946-4ee1-b094-34bc8a13541d.jpg','/home/image/2087b157487d3751c44d7e6fd7ae5724.jpg'),(84,273,46,'985260c9f8b31cab6a358523f35327bc','89511b75-5950-44bb-af7b-2fb664b9c3e9.jpg','/home/image/985260c9f8b31cab6a358523f35327bc.jpg'),(86,289,46,'e00f9537f642b0955c07bed62081aa26','da4aea07-d088-4e42-b49e-770a43eb088d.png','/home/image/e00f9537f642b0955c07bed62081aa26.jpg');
/*!40000 ALTER TABLE `diary_file` ENABLE KEYS */;
UNLOCK TABLES;

--
-- Table structure for table `emotion_rate`
--

DROP TABLE IF EXISTS `emotion_rate`;
/*!40101 SET @saved_cs_client     = @@character_set_client */;
/*!50503 SET character_set_client = utf8mb4 */;
CREATE TABLE `emotion_rate` (
  `erid` int NOT NULL AUTO_INCREMENT COMMENT '감정비율아이디',
  `did` int NOT NULL COMMENT '일기아이디',
  `happiness` varchar(255) NOT NULL COMMENT '행복비율',
  `angry` varchar(255) NOT NULL COMMENT '화남비율',
  `disgust` varchar(255) NOT NULL COMMENT '혐오비율',
  `fear` varchar(255) NOT NULL COMMENT '공포비율',
  `neutral` varchar(255) NOT NULL COMMENT '중립비율',
  `sadness` varchar(255) NOT NULL COMMENT '슬픔비율',
  `surprise` varchar(255) NOT NULL COMMENT '놀람비율',
  PRIMARY KEY (`erid`),
  KEY `FK_emotion_rate_did_diary_did` (`did`),
  CONSTRAINT `FK_emotion_rate_did_diary_did` FOREIGN KEY (`did`) REFERENCES `diary` (`did`) ON DELETE RESTRICT ON UPDATE RESTRICT
) ENGINE=InnoDB AUTO_INCREMENT=98 DEFAULT CHARSET=utf8mb3 COMMENT='감정비율';
/*!40101 SET character_set_client = @saved_cs_client */;

--
-- Dumping data for table `emotion_rate`
--

LOCK TABLES `emotion_rate` WRITE;
/*!40000 ALTER TABLE `emotion_rate` DISABLE KEYS */;
INSERT INTO `emotion_rate` VALUES (25,208,'0.9188674092292786','0.16951821744441986','0.21858493983745575','0.5769266486167908','0.6766975522041321','0.24272151291370392','0.42006009817123413'),(26,209,'0.24663732945919037','0.8082227110862732','0.28724029660224915','0.48298999667167664','0.44170692563056946','0.8858580589294434','0.29657483100891113'),(32,221,'0.22539858520030975','0.8541778326034546','0.3551344871520996','0.47507932782173157','0.5202527046203613','0.901579737663269','0.24569444358348846'),(35,224,'0.3109930455684662','0.37570005655288696','0.17489643394947052','0.8844335079193115','0.5553261637687683','0.836745023727417','0.3766215741634369'),(36,226,'0.4024820029735565','0.6979789137840271','0.1999996304512024','0.2920069694519043','0.6628449559211731','0.9312704801559448','0.19683897495269775'),(39,229,'0.3982101082801819','0.39698195457458496','0.9472355246543884','0.3945009112358093','0.36961305141448975','0.18568751215934753','0.5465871691703796'),(43,233,'0.3568394184112549','0.734727144241333','0.6935651898384094','0.6191582083702087','0.2598258852958679','0.6059640645980835','0.35214149951934814'),(44,234,'0.865877091884613','0.22760015726089478','0.261442095041275','0.2793337404727936','0.848193883895874','0.4546566605567932','0.24480833113193512'),(46,236,'0.9179500937461853','0.14061516523361206','0.2551873028278351','0.6354341506958008','0.6133346557617188','0.2090926468372345','0.4493236243724823'),(47,237,'0.3914056718349457','0.25116923451423645','0.19564016163349152','0.9395989775657654','0.7309132218360901','0.4836828410625458','0.46697041392326355'),(51,241,'0.9381242990493774','0.1890430599451065','0.19436918199062347','0.29354560375213623','0.6632465720176697','0.38048282265663147','0.2614441215991974'),(52,242,'0.23060676455497742','0.8045305013656616','0.2839474081993103','0.362070232629776','0.5753611326217651','0.9194884300231934','0.28852343559265137'),(54,244,'0.24518176913261414','0.6931518912315369','0.31710895895957947','0.6558302640914917','0.5662397742271423','0.8171587586402893','0.35224467515945435'),(55,245,'0.5734441876411438','0.6406208276748657','0.4725130796432495','0.3091713488101959','0.7756346464157104','0.5743745565414429','0.22340643405914307'),(56,246,'0.940596878528595','0.17362256348133087','0.3420206606388092','0.1884305775165558','0.7055248022079468','0.24370412528514862','0.30533960461616516'),(61,253,'0.33590778708457947','0.7954171895980835','0.817022979259491','0.340518981218338','0.41002628207206726','0.5372201800346375','0.299342542886734'),(63,255,'0.8628613948822021','0.1203269511461258','0.3084868788719177','0.7076903581619263','0.6806583404541016','0.2616628110408783','0.4067355990409851'),(65,257,'0.9407364130020142','0.17346441745758057','0.26968181133270264','0.24877697229385376','0.6889877319335938','0.27462783455848694','0.2866755425930023'),(66,258,'0.9104449152946472','0.2637057602405548','0.2761453092098236','0.24886736273765564','0.694610059261322','0.36152493953704834','0.2635928690433502'),(67,259,'0.6143673062324524','0.6176726818084717','0.13055796921253204','0.6164873838424683','0.6552901864051819','0.8054760694503784','0.17915818095207214'),(68,260,'0.9022016525268555','0.20133060216903687','0.28942644596099854','0.3881640136241913','0.7255595922470093','0.2421187460422516','0.3882347643375397'),(69,261,'0.947878897190094','0.19026918709278107','0.4401995837688446','0.23943409323692322','0.5739015936851501','0.15520980954170227','0.41669008135795593'),(70,262,'0.2656461298465729','0.26535269618034363','0.5776259899139404','0.9524738788604736','0.43729695677757263','0.23843741416931152','0.8097732067108154'),(71,263,'0.2789934575557709','0.9382839202880859','0.6813798546791077','0.411378413438797','0.2923274338245392','0.6090139746665955','0.34523218870162964'),(73,265,'0.7688726186752319','0.405203253030777','0.39612892270088196','0.23818102478981018','0.6920509338378906','0.5324355959892273','0.27901124954223633'),(74,266,'0.40400430560112','0.7841301560401917','0.4415022134780884','0.4432957172393799','0.591271698474884','0.5992236733436584','0.3265848159790039'),(75,267,'0.816034734249115','0.40702390670776367','0.7673264145851135','0.1732979118824005','0.6179242134094238','0.2498113214969635','0.261741578578949'),(76,268,'0.7282791137695312','0.3165304362773895','0.19856350123882294','0.6629396677017212','0.6719923615455627','0.5543462038040161','0.32402175664901733'),(77,269,'0.5218645930290222','0.7431791424751282','0.15218468010425568','0.4283815920352936','0.5314524173736572','0.8775864839553833','0.20312274992465973'),(78,270,'0.1730678379535675','0.804370105266571','0.7785395383834839','0.4848608076572418','0.29177406430244446','0.7518913149833679','0.31659865379333496'),(79,271,'0.8871616125106812','0.349548876285553','0.4350968599319458','0.24978917837142944','0.5079559087753296','0.43149131536483765','0.2434641569852829'),(80,272,'0.6331000924110413','0.3085246682167053','0.4707599878311157','0.402077853679657','0.8605022430419922','0.40055015683174133','0.3297136425971985'),(81,273,'0.32757627964019775','0.9385556578636169','0.7317925095558167','0.2020367980003357','0.43590065836906433','0.6051132082939148','0.2652488648891449'),(82,274,'0.40400430560112','0.7841301560401917','0.4415022134780884','0.4432957172393799','0.591271698474884','0.5992236733436584','0.3265848159790039'),(83,275,'0.816034734249115','0.40702390670776367','0.7673264145851135','0.1732979118824005','0.6179242134094238','0.2498113214969635','0.261741578578949'),(84,276,'0.1730678379535675','0.804370105266571','0.7785395383834839','0.4848608076572418','0.29177406430244446','0.7518913149833679','0.31659865379333496'),(85,277,'0.8871616125106812','0.349548876285553','0.4350968599319458','0.24978917837142944','0.5079559087753296','0.43149131536483765','0.2434641569852829'),(86,278,'0.7282791137695312','0.3165304362773895','0.19856350123882294','0.6629396677017212','0.6719923615455627','0.5543462038040161','0.32402175664901733'),(87,279,'0.5218645930290222','0.7431791424751282','0.15218468010425568','0.4283815920352936','0.5314524173736572','0.8775864839553833','0.20312274992465973'),(88,280,'0.7328094840049744','0.819121778011322','0.4686022996902466','0.2264661341905594','0.3574468791484833','0.5521456599235535','0.22139796614646912'),(89,281,'0.9527154564857483','0.16749094426631927','0.2963973879814148','0.2932232916355133','0.6024115681648254','0.1939002424478531','0.3439789414405823'),(90,282,'0.6567189693450928','0.5070250034332275','0.6912605166435242','0.3194979429244995','0.4726299047470093','0.46667176485061646','0.28850868344306946'),(91,283,'0.9113553762435913','0.4316785931587219','0.3691868782043457','0.29019591212272644','0.4284302294254303','0.27202126383781433','0.2681465148925781'),(93,285,'0.6186734437942505','0.6710360050201416','0.27468717098236084','0.3924470841884613','0.5920104384422302','0.6495167016983032','0.2682178020477295'),(94,286,'0.6343482732772827','0.48983994126319885','0.2941542863845825','0.25155529379844666','0.7814014554023743','0.7262353301048279','0.23674413561820984'),(95,287,'0.7677434682846069','0.3769170939922333','0.28687384724617004','0.3345263600349426','0.836082398891449','0.469256728887558','0.30901315808296204'),(96,288,'0.281100869178772','0.7451536059379578','0.4229556620121002','0.3185715973377228','0.7858472466468811','0.8351626396179199','0.21970722079277039'),(97,289,'0.7368838787078857','0.3901865482330322','0.17243701219558716','0.5794538855552673','0.8111745119094849','0.5632721185684204','0.2926476001739502');
/*!40000 ALTER TABLE `emotion_rate` ENABLE KEYS */;
UNLOCK TABLES;

--
-- Table structure for table `user`
--

DROP TABLE IF EXISTS `user`;
/*!40101 SET @saved_cs_client     = @@character_set_client */;
/*!50503 SET character_set_client = utf8mb4 */;
CREATE TABLE `user` (
  `uid` int NOT NULL AUTO_INCREMENT COMMENT '유저아이디',
  `nickname` varchar(255) NOT NULL COMMENT '닉네임',
  `email` varchar(255) NOT NULL COMMENT '비밀번호',
  `birth` date NOT NULL COMMENT '생년월일',
  `password` varchar(255) NOT NULL COMMENT '비밀번호',
  PRIMARY KEY (`uid`)
) ENGINE=InnoDB AUTO_INCREMENT=51 DEFAULT CHARSET=utf8mb3 COMMENT='사용자';
/*!40101 SET character_set_client = @saved_cs_client */;

--
-- Dumping data for table `user`
--

LOCK TABLES `user` WRITE;
/*!40000 ALTER TABLE `user` DISABLE KEYS */;
INSERT INTO `user` VALUES (1,'끼룩이','ggi@kakao.com','1996-12-19','ssafy1234'),(2,'sososo','soso@kakao.com','2021-05-01','ssafy1234'),(3,'hihihi','kikiki','2021-05-01','$2a$10$soWqD9J9dJjkpIxThD7nwetMdmmhjE8vqhghKgVwTN.EWAlmCU2xC'),(20,'dudcod','qkr@dud.ckd','2021-05-07','{bcrypt}$2a$10$tu7YE46IrVCSHQ0AlD5aleCLpCGPP3Lu0RrNT2BzvXbr9n13ufQRi'),(33,'test','test@test.com','2000-05-07','{bcrypt}$2a$10$scbrL1nYeiULgdzhYFJcI.z2V1I27NorENIM0PC6thuiNccdyvYz2'),(44,'ssafy','ssafy@ssafy.com','1990-01-01','{bcrypt}$2a$10$0wzXfPbW2k4aYSYv/DIzOuKQJ7sCC3uZJqCHj6.8n8kj5Fx0ZsmB2'),(46,'Agdes','thnoh1212@gmail.com','1995-12-12','{bcrypt}$2a$10$itCT15sNmu6Kddd6agnz5.EsBm2xsyvTdRwSnxRzk6cvphfgcgs3q'),(48,'user1','user1@gmail.com','1995-03-01','{bcrypt}$2a$10$iQcLv49aSDOySIQLT2vPV.xP0/NyFY6rb59SYAt6t8Qwyjg/.40GC'),(49,'user2','user2@gmail.com','2000-01-01','{bcrypt}$2a$10$Ap1mXQPJKnLDXAqkhCNgfOXP2zEGIWLe/m8.uHox5wyXcuPoLzSYm'),(50,'Agdesss','thnoh1212@naver.com','2021-05-01','{bcrypt}$2a$10$bshzZ8RxqfAxpyvLxFd0q.YfcXH4tdINcQI1thC7wvV7LydmTz8C2');
/*!40000 ALTER TABLE `user` ENABLE KEYS */;
UNLOCK TABLES;
/*!40103 SET TIME_ZONE=@OLD_TIME_ZONE */;

/*!40101 SET SQL_MODE=@OLD_SQL_MODE */;
/*!40014 SET FOREIGN_KEY_CHECKS=@OLD_FOREIGN_KEY_CHECKS */;
/*!40014 SET UNIQUE_CHECKS=@OLD_UNIQUE_CHECKS */;
/*!40101 SET CHARACTER_SET_CLIENT=@OLD_CHARACTER_SET_CLIENT */;
/*!40101 SET CHARACTER_SET_RESULTS=@OLD_CHARACTER_SET_RESULTS */;
/*!40101 SET COLLATION_CONNECTION=@OLD_COLLATION_CONNECTION */;
/*!40111 SET SQL_NOTES=@OLD_SQL_NOTES */;

-- Dump completed on 2021-05-21 10:03:34
